0.02083420,0.14270400,-0.18520281,0.02287876,0.05910286,-0.02892320,0.03982617
0.04166840,0.17399109,-0.17042141,0.03353389,0.05960097,-0.02962449,0.04606489
0.06250260,0.18531986,-0.17081431,0.03539874,0.06738077,-0.01677149,0.06236155
0.08333681,0.17822971,-0.15764452,0.04199438,0.07802749,-0.00631746,0.04809875
0.10417101,0.19915265,-0.15425029,0.06109934,0.08227855,0.00191361,0.06064749
0.12500521,0.20727593,-0.13479426,0.07234106,0.08677711,0.00501494,0.08067673
0.14583941,0.19851105,-0.12614763,0.07833353,0.09498221,0.00844318,0.08287626
0.16667361,0.21712574,-0.12339439,0.07898726,0.10755924,0.01580964,0.07831475
0.18750781,0.23471559,-0.11655861,0.08502008,0.10904743,0.03232650,0.10012662
0.20834201,0.23452545,-0.10232377,0.10041390,0.11512944,0.03146710,0.11296457
0.22917622,0.24252676,-0.08857639,0.10900512,0.12114919,0.03174305,0.10413415
0.25001042,0.25270589,-0.08236649,0.11396134,0.12860160,0.05053639,0.10426521
0.27084462,0.26075909,-0.07690846,0.13142697,0.14020868,0.05235075,0.12093788
0.29167882,0.27613840,-0.06211780,0.13494422,0.14128734,0.05619749,0.13073327
0.31251302,0.27592065,-0.05565104,0.13640053,0.14739356,0.06607906,0.12614380
0.33334722,0.27529827,-0.04985397,0.15131546,0.15311865,0.06387863,0.14266035
0.35418142,0.29036747,-0.03506127,0.16022835,0.16105547,0.07543675,0.15236218
0.37501563,0.30873827,-0.02816408,0.16744742,0.17207454,0.08601488,0.13414149
0.39584983,0.32548907,-0.01487467,0.17298979,0.16956921,0.08957277,0.15531708
0.41668403,0.32609211,0.00011092,0.18349163,0.17391281,0.10564067,0.18009991
0.43751823,0.33347829,0.00860205,0.19447592,0.18985066,0.10019391,0.17029274
0.45835243,0.33489010,0.01154315,0.20576317,0.19693184,0.10744727,0.17680001
0.47918663,0.34648479,0.01763859,0.21639285,0.19996782,0.11742871,0.18184068
0.50002083,0.37051921,0.02484673,0.22135662,0.20491900,0.11079161,0.17403212
0.52085504,0.36284751,0.03544105,0.22098328,0.21047965,0.12429696,0.19490803
0.54168924,0.37784103,0.05410416,0.24237310,0.21842471,0.13798353,0.20260813
0.56252344,0.39185707,0.05689116,0.25742621,0.22242255,0.14259735,0.20438650
0.58335764,0.39009768,0.05802885,0.25094579,0.23368962,0.14649046,0.22566735
0.60419184,0.39661470,0.07784086,0.24959085,0.23560562,0.15062391,0.22192091
0.62502604,0.41176645,0.08536240,0.27280828,0.24000785,0.16006792,0.22750122
0.64586024,0.42209535,0.09149858,0.29087684,0.24983684,0.16362582,0.23271356
0.66669445,0.42963151,0.09367517,0.28878017,0.25924303,0.16814609,0.23760012
0.68752865,0.43617602,0.09559929,0.29505367,0.26476316,0.17913049,0.24635727
0.70836285,0.44035742,0.11900865,0.31527115,0.27245906,0.19225418,0.25527227
0.72919705,0.46237816,0.12786614,0.31612167,0.28335904,0.19414308,0.26231323
0.75003125,0.47297066,0.12613034,0.31466526,0.28670681,0.20413154,0.27057040
0.77086545,0.48300588,0.13856244,0.34209298,0.28785202,0.20801888,0.26662588
0.79169965,0.48977649,0.15843543,0.34931965,0.29287596,0.20581905,0.27720975
0.81253386,0.47827343,0.16522079,0.35133328,0.30647671,0.21413050,0.28974281
0.83336806,0.49636367,0.15566123,0.36612884,0.30895944,0.22453843,0.29756224
0.85420226,0.51346134,0.16963473,0.37332036,0.31064637,0.23042769,0.30370462
0.87503646,0.52474191,0.18628216,0.37510905,0.32663847,0.23343786,0.30433711
0.89587066,0.53614877,0.18336124,0.38817867,0.33383946,0.24318512,0.30800158
0.91670486,0.53035240,0.20257060,0.39456562,0.33380159,0.25848454,0.31449741
0.93753906,0.54617064,0.22066232,0.40863507,0.34054072,0.26525157,0.32694063
0.95837327,0.55508171,0.20945480,0.42081723,0.34994243,0.26148255,0.33177889
0.97920747,0.56416097,0.22346750,0.42490629,0.36130618,0.26944210,0.33820403
1.00004167,0.57446829,0.24142567,0.43213464,0.36139424,0.27776894,0.34784625
1.02087587,0.58393239,0.24371889,0.44874007,0.37062476,0.28591871,0.35979747
1.04171007,0.58729032,0.25245234,0.46251272,0.38209847,0.28772690,0.36155841
1.06254427,0.59462831,0.26178870,0.46124868,0.37956378,0.29198917,0.36036473
1.08337847,0.60541384,0.27190511,0.46840409,0.38910050,0.30462658,0.36472640
1.10421268,0.60665110,0.27687244,0.47042014,0.39626252,0.31564378,0.39007704
1.12504688,0.63065010,0.28388975,0.48460819,0.40048272,0.31962215,0.38889708
1.14588108,0.63952442,0.29969129,0.50879762,0.40864617,0.32207723,0.37968696
1.16671528,0.64095411,0.30553501,0.50983715,0.41488860,0.33014093,0.39286408
1.18754948,0.64369395,0.31043168,0.51226880,0.42494574,0.33350153,0.40809776
1.20838368,0.62473074,0.32582918,0.52785120,0.42638041,0.33950474,0.42592644
1.22921788,0.47248996,0.32945410,0.53755100,0.43326017,0.34812056,0.42514973
1.25005209,0.10021997,0.33422989,0.55165404,0.44573022,0.35572935,0.42050835
1.27088629,-0.29493609,0.34923786,0.54384406,0.44584430,0.36316124,0.43354879
1.29172049,-0.51366767,0.35866550,0.53920215,0.45722834,0.36984684,0.44373282
1.31255469,-0.53988377,0.36843990,0.57409820,0.46624905,0.37473648,0.44439121
1.33338889,-0.51714822,0.37047888,0.58597459,0.46251521,0.38037012,0.44986860
1.35422309,-0.50979592,0.37610000,0.58247387,0.47174910,0.38729451,0.45704139
1.37505729,-0.50070445,0.39609154,0.60059145,0.47869214,0.39323952,0.45988633
1.39589150,-0.50083221,0.40700924,0.60207202,0.48620793,0.40689959,0.46287875
1.41672570,-0.48912377,0.41170048,0.61125088,0.49356843,0.41475097,0.48220652
1.43755990,-0.48539098,0.41445379,0.62047305,0.49504128,0.41262972,0.49601924
1.45839410,-0.47846725,0.42197769,0.63142176,0.50567469,0.41263399,0.49535498
1.47922830,-0.45308078,0.43590555,0.64341213,0.51162418,0.42693107,0.49503539
1.50006250,-0.44317489,0.44478690,0.61121029,0.51985774,0.43974137,0.48960280
1.52089670,-0.43753281,0.46488562,0.42735862,0.47346658,0.44990536,0.50867800
1.54173091,-0.43781713,0.47106296,0.03369841,0.26231114,0.45036537,0.51872970
1.56256511,-0.42460715,0.46919859,-0.34293244,-0.07367651,0.44590518,0.51381921
1.58339931,-0.39915737,0.48304380,-0.50669155,-0.34386404,0.45962284,0.52505387
1.60423351,-0.40052609,0.48999094,-0.52561351,-0.42282278,0.46526397,0.53279591
1.62506771,-0.40381604,0.49506999,-0.50757303,-0.42585607,0.47267808,0.47970895
1.64590191,-0.37688601,0.50778223,-0.50002307,-0.42965653,0.48231565,0.23937930
1.66673611,-0.36126463,0.52349109,-0.49045196,-0.41433379,0.48445549,-0.10980832
1.68757032,-0.37023885,0.53275610,-0.47155494,-0.39476193,0.48252613,-0.36564404
1.70840452,-0.35392399,0.53530840,-0.47248418,-0.39209348,0.49784816,-0.43555221
1.72923872,-0.33783987,0.54791823,-0.47508410,-0.39483070,0.50330931,-0.42538271
1.75007292,-0.32991695,0.56041946,-0.45665471,-0.37806299,0.42921828,-0.42958618
1.77090712,-0.32553607,0.56426511,-0.43613616,-0.37162359,0.20113732,-0.42310364
1.79174132,-0.32379339,0.57980446,-0.43119614,-0.36793553,-0.12374363,-0.40609181
1.81257552,-0.30127829,0.59215368,-0.42502078,-0.35667533,-0.35489960,-0.39648979
1.83340973,-0.28990914,0.58527986,-0.41320267,-0.35168457,-0.41858621,-0.40595177
1.85424393,-0.27879022,0.59900704,-0.41287610,-0.34590538,-0.40703460,-0.39377423
1.87507813,-0.25942371,0.61603110,-0.39790393,-0.33748364,-0.40718277,-0.38113435
1.89591233,-0.26433974,0.61605445,-0.37822383,-0.32561127,-0.39049759,-0.38066586
1.91674653,-0.25018513,0.62927242,-0.37277255,-0.31775182,-0.37756592,-0.36012717
1.93758073,-0.24609389,0.63524330,-0.35998111,-0.31656564,-0.38552955,-0.35573221
1.95841493,-0.24677385,0.64175300,-0.35129445,-0.31111854,-0.37790104,-0.35865496
1.97924914,-0.22795286,0.65182093,-0.34296190,-0.30136056,-0.36385458,-0.34297325
2.00008334,-0.20647511,0.65910222,-0.33616839,-0.28601234,-0.34981602,-0.33275986
2.02091754,-0.18910694,0.67059704,-0.32964898,-0.27523765,-0.34633480,-0.33073876
2.04175174,-0.19430756,0.68779076,-0.31084567,-0.27482938,-0.34387357,-0.32685855
2.06258594,-0.18545656,0.64262993,-0.31139933,-0.26834031,-0.32979883,-0.31611519
2.08342014,-0.16860449,0.41165783,-0.30568518,-0.26152212,-0.32703783,-0.30498253
2.10425434,-0.16227684,0.00002807,-0.27752693,-0.25085680,-0.32209986,-0.29742223
2.12508855,-0.15872630,-0.38726144,-0.27931644,-0.24367832,-0.30868960,-0.29801764
2.14592275,-0.14740659,-0.54837856,-0.27462007,-0.24228738,-0.30689986,-0.28888006
2.16675695,-0.13043692,-0.55592221,-0.24828815,-0.22548847,-0.30168793,-0.27878049
2.18759115,-0.12212227,-0.53452006,-0.24325363,-0.21938067,-0.29071630,-0.26420422
2.20842535,-0.11896885,-0.53104574,-0.24618366,-0.21727371,-0.28634390,-0.25279247
2.22925955,-0.10849542,-0.52822965,-0.22769912,-0.20800036,-0.27597430,-0.25671684
2.25009375,-0.09731480,-0.50911811,-0.21329818,-0.19422485,-0.26499795,-0.25784610
2.27092796,-0.08357500,-0.50413159,-0.20718456,-0.18924796,-0.25671640,-0.23636860
2.29176216,-0.07278104,-0.49650176,-0.19771685,-0.18223778,-0.25793278,-0.22072900
2.31259636,-0.07049088,-0.48656355,-0.19603771,-0.17664185,-0.25300759,-0.21833652
2.33343056,-0.05941925,-0.47516121,-0.18233517,-0.17528058,-0.23851494,-0.21470611
2.35426476,-0.05169693,-0.45744472,-0.16830126,-0.15711660,-0.22808571,-0.20926591
2.37509896,-0.04392313,-0.45830618,-0.16593560,-0.14787721,-0.22016266,-0.20624362
2.39593316,-0.02615521,-0.44933766,-0.14502551,-0.14293084,-0.20970740,-0.20356355
2.41676737,-0.01929342,-0.42898547,-0.12945567,-0.14333991,-0.21106610,-0.17718324
2.43760157,-0.01005039,-0.42367430,-0.13823135,-0.13696009,-0.20616219,-0.16618723
2.45843577,0.00183465,-0.41866462,-0.12643517,-0.12310838,-0.18877452,-0.16871585
2.47926997,0.00972031,-0.41173146,-0.10445638,-0.11498438,-0.18073011,-0.16509495
2.50010417,0.02075062,-0.39997872,-0.10510040,-0.10777751,-0.17432928,-0.15803699
2.52093837,0.02370346,-0.37807367,-0.09168718,-0.10559340,-0.17236054,-0.14697141
2.54177257,0.03607711,-0.36943931,-0.07570430,-0.09219472,-0.16465968,-0.14032741
2.56260678,0.04813851,-0.38150012,-0.07494701,-0.08229910,-0.15967574,-0.14061883
2.58344098,0.06011486,-0.35981817,-0.06558872,-0.07895195,-0.14789709,-0.12640877
2.60427518,0.06548691,-0.33258848,-0.04485748,-0.07401869,-0.13056555,-0.11770774
2.62510938,0.06674982,-0.34077017,-0.03924834,-0.06334376,-0.13108770,-0.10639296
2.64594358,0.07796253,-0.33557168,-0.03397839,-0.05700296,-0.12540928,-0.09128769
2.66677778,0.08490083,-0.31342929,-0.02785498,-0.04849088,-0.11672950,-0.09526756
2.68761198,0.09220792,-0.29897775,-0.01977955,-0.03632628,-0.11009503,-0.09430398
2.70844619,0.10309934,-0.29344912,-0.00386670,-0.03101230,-0.09674408,-0.08419717
2.72928039,0.11537308,-0.29757220,0.00924674,-0.02899972,-0.09765126,-0.06585045
2.75011459,0.12252496,-0.27808438,0.01757297,-0.01971036,-0.09145933,-0.05442348
2.77094879,0.13572928,-0.26255851,0.02732534,-0.00469924,-0.07397425,-0.05862099
2.79178299,0.14054853,-0.26129707,0.03489315,0.00064764,-0.07089413,-0.04785550
2.81261719,0.14747586,-0.25210078,0.04259853,0.00532413,-0.07685316,-0.03461228
2.83345139,0.15772882,-0.23009609,0.04686116,0.01643606,-0.06298758,-0.03042943
2.85428560,0.16031059,-0.22150972,0.05763190,0.02153721,-0.04640768,-0.02383058
2.87511980,0.17548568,-0.22273503,0.06770107,0.02188958,-0.04251095,-0.01614325
2.89595400,0.17947996,-0.21552288,0.06819885,0.03801756,-0.03347576,-0.00714442
2.91678820,0.18737927,-0.20286368,0.08787288,0.04464132,-0.02369988,0.00207898
2.93762240,0.19751288,-0.18508405,0.10383453,0.04327277,-0.02200708,0.00523896
2.95845660,0.21380492,-0.16984058,0.10619604,0.05647084,-0.01399530,0.00748592
2.97929080,0.22553806,-0.16729206,0.11419432,0.06101128,-0.00360735,0.02085012
3.00012501,0.21891130,-0.16353170,0.12126328,0.06468868,-0.00307082,0.03053502
3.02095921,0.22270901,-0.15793179,0.11227643,0.07759539,0.00739983,0.03355365
3.04179341,0.24416725,-0.14558003,0.13159375,0.08238001,0.00640494,0.03221966
3.06262761,0.25730843,-0.12571223,0.15316658,0.08762554,0.01402476,0.04615140
3.08346181,0.26442871,-0.11804072,0.15816060,0.09216320,0.03893302,0.05768807
3.10429601,0.27537927,-0.10528291,0.16661416,0.10068203,0.03293481,0.06064045
3.12513021,0.27376186,-0.09442485,0.16801621,0.10478066,0.03816420,0.06400396
3.14596442,0.27747210,-0.09119920,0.18367327,0.11008025,0.04192778,0.07703666
3.16679862,0.28851278,-0.08796554,0.19381938,0.12176603,0.05314568,0.09183790
3.18763282,0.30991226,-0.07959210,0.19276987,0.13201006,0.06815939,0.08848214
3.20846702,0.31641202,-0.06746787,0.20851771,0.13515486,0.07105541,0.08871359
3.22930122,0.31811553,-0.05398030,0.22359446,0.13731295,0.07930164,0.09594042
3.25013542,0.32708208,-0.04400324,0.21684212,0.14684970,0.07877102,0.10275717
3.27096962,0.34241487,-0.03215764,0.22778466,0.15749635,0.08422236,0.11271227
3.29180383,0.35044330,-0.02835167,0.24294552,0.16237956,0.08788836,0.13419712
3.31263803,0.35413022,-0.01819762,0.25060608,0.16384238,0.09907032,0.13774870
3.33347223,0.37169545,-0.00840496,0.25260442,0.16766443,0.10964144,0.12901846
3.35430643,0.36968956,0.00146645,0.27418913,0.17490799,0.10562101,0.13722843
3.37514063,0.37115700,0.01298652,0.28170271,0.18439000,0.11729949,0.14278576
3.39597483,0.39692340,0.02695957,0.28544129,0.19444966,0.12465801,0.15039856
3.41680903,0.40811930,0.03417881,0.29758276,0.19428662,0.12759310,0.16624139
3.43764324,0.39686310,0.04118076,0.28988823,0.20350084,0.14139506,0.17089231
3.45847744,0.40746488,0.05145438,0.31125480,0.21697956,0.14429770,0.17941229
3.47931164,0.43062783,0.05080366,0.32720107,0.21385678,0.15173582,0.17488463
3.50014584,0.42548727,0.06457432,0.33187862,0.22765912,0.15345290,0.17345328
3.52098004,0.43786648,0.07788687,0.34779915,0.23049391,0.16501609,0.18983569
3.54181424,0.46157444,0.08148381,0.35351227,0.23105881,0.17231772,0.20434267
3.56264844,0.46289131,0.09029150,0.34845421,0.24359636,0.16865702,0.21218908
3.58348265,0.46519656,0.10290335,0.36147998,0.24812142,0.17927360,0.20303629
3.60431685,0.46454809,0.11207027,0.36854427,0.25145501,0.18834072,0.21036265
3.62515105,0.47864899,0.10946480,0.38076941,0.26332540,0.18913263,0.22326117
3.64598525,0.50460097,0.11886067,0.39223774,0.26850467,0.20274261,0.23078110
3.66681945,0.50077613,0.13817099,0.39921213,0.27129864,0.21348172,0.24155238
3.68765365,0.46446389,0.14349591,0.40937688,0.28470357,0.20842551,0.24400173
3.70848785,0.29981417,0.14977934,0.42093181,0.28920899,0.21530234,0.24853751
3.72932206,-0.01996047,0.15449400,0.42643146,0.29255091,0.22442882,0.25703041
3.75015626,-0.30222149,0.16175978,0.43192204,0.30569293,0.23852653,0.25711485
3.77099046,-0.41178808,0.17908857,0.43961018,0.30632821,0.24822670,0.26319772
3.79182466,-0.41392267,0.19692558,0.43735377,0.31005153,0.23931361,0.27642318
3.81265886,-0.39584567,0.19170946,0.46154960,0.31989265,0.24651835,0.28310476
3.83349306,-0.38183139,0.19877991,0.47279584,0.32743349,0.26511558,0.28852662
3.85432726,-0.38378123,0.21641512,0.47446992,0.33764790,0.26952808,0.28774764
3.87516147,-0.37548836,0.21500168,0.48335564,0.33668985,0.27188213,0.29870795
3.89599567,-0.36565711,0.22867287,0.48976424,0.33966025,0.28102548,0.30397709
3.91682987,-0.34916290,0.24125265,0.42752701,0.35393446,0.28454234,0.31034830
3.93766407,-0.33930680,0.24360525,0.18646195,0.36253182,0.28640335,0.32881472
3.95849827,-0.33602019,0.25121970,-0.13612669,0.36582400,0.29689497,0.32751648
3.97933247,-0.33056665,0.26330159,-0.36314518,0.36652780,0.30306186,0.32439941
4.00016667,-0.31945119,0.27765821,-0.41158015,0.37471735,0.31143566,0.33599557
4.02100088,-0.29693272,0.28050771,-0.38603653,0.39109377,0.31968913,0.34597398
4.04183508,-0.29441408,0.29094216,-0.38498015,0.39122077,0.32227333,0.34698944
4.06266928,-0.28790629,0.30045277,-0.38093528,0.38895794,0.31977881,0.35589053
4.08350348,-0.27671954,0.30831358,-0.37297716,0.34461085,0.33239466,0.36255993
4.10433768,-0.26352267,0.32022273,-0.35586863,0.16314757,0.35078216,0.36925050
4.12517188,-0.25551856,0.31578422,-0.33110966,-0.09524153,0.35133991,0.37178108
4.14600608,-0.24916611,0.33112688,-0.33483166,-0.27699429,0.34563480,0.38168668
4.16684029,-0.23812185,0.35215992,-0.33917167,-0.32997100,0.35766014,0.39670246
4.18767449,-0.23071074,0.34474417,-0.31528761,-0.31475273,0.37506301,0.39624880
4.20850869,-0.22182598,0.35612592,-0.30411515,-0.30847601,0.36392612,0.39999324
4.22934289,-0.19936503,0.37204592,-0.30394314,-0.30624524,0.37776057,0.38069585
4.25017709,-0.18539956,0.37390372,-0.29146571,-0.29890642,0.37502866,0.24179558
4.27101129,-0.18881463,0.38584563,-0.28054967,-0.28931737,0.27111282,-0.00340021
4.29184549,-0.17728097,0.39521782,-0.27089682,-0.28200793,0.04670947,-0.23250726
4.31267970,-0.16847575,0.40223906,-0.25777545,-0.27255749,-0.20158302,-0.32739069
4.33351390,-0.16082766,0.41725911,-0.25692468,-0.26585481,-0.30570221,-0.32876902
4.35434810,-0.14661822,0.42095470,-0.25108703,-0.25996564,-0.31186305,-0.32707008
4.37518230,-0.14027330,0.42257902,-0.22698897,-0.25131834,-0.29924716,-0.32122295
4.39601650,-0.13831274,0.43892778,-0.21306122,-0.24513285,-0.29115060,-0.31874141
4.41685070,-0.11998654,0.44484060,-0.21652301,-0.24123344,-0.29249294,-0.30470930
4.43768490,-0.10133462,0.46595021,-0.21114229,-0.22834270,-0.28588789,-0.28735258
4.45851911,-0.09726227,0.46844197,-0.18836584,-0.21500338,-0.27794425,-0.28610162
4.47935331,-0.08992504,0.46502543,-0.17504462,-0.21995646,-0.26441853,-0.28005086
4.50018751,-0.08451210,0.47557948,-0.17474580,-0.21093968,-0.25973181,-0.26778250
4.52102171,-0.06471635,0.49027915,-0.16251329,-0.19806888,-0.25166223,-0.25973558
4.54185591,-0.05406951,0.50179747,-0.15017105,-0.19676521,-0.24717611,-0.25720184
4.56269011,-0.05535505,0.50847929,-0.14707341,-0.18336131,-0.24831268,-0.25071541
4.58352431,-0.04187183,0.52044369,-0.12974616,-0.17037647,-0.23069045,-0.24083055
4.60435852,-0.02470637,0.51513579,-0.12183134,-0.17165472,-0.21289875,-0.23737958
4.62519272,-0.01319689,0.41367848,-0.11248219,-0.16397513,-0.21664651,-0.23191422
4.64602692,-0.00269282,0.13380556,-0.09857234,-0.15737984,-0.21058094,-0.22695691
4.66686112,0.00877083,-0.19030278,-0.09725077,-0.15198578,-0.20139016,-0.21023416
4.68769532,0.01013571,-0.39186076,-0.08604989,-0.14158666,-0.19438334,-0.19677469
4.70852952,0.01622662,-0.43508911,-0.08049058,-0.13463304,-0.18094532,-0.20190923
4.72936372,0.03177737,-0.41362239,-0.06746009,-0.12290396,-0.17301944,-0.19346823
4.75019793,0.04403924,-0.40383631,-0.05823046,-0.11908897,-0.17612334,-0.17301500
4.77103213,0.04396371,-0.40322428,-0.04898091,-0.11168728,-0.17790803,-0.17812696
4.79186633,0.05482702,-0.39339256,-0.03486936,-0.10194054,-0.15691206,-0.17905366
4.81270053,0.06755278,-0.37282278,-0.02708286,-0.09876350,-0.14692806,-0.16099925
4.83353473,0.06683453,-0.36921841,-0.01920851,-0.08709000,-0.14055597,-0.14665901
4.85436893,0.08062529,-0.36771636,-0.00680798,-0.08102512,-0.13872642,-0.14403086
4.87520313,0.10108018,-0.34959786,0.00159336,-0.07407993,-0.13366549,-0.14097525
4.89603734,0.10652052,-0.33770518,0.00734599,-0.06643465,-0.11577167,-0.13023993
4.91687154,0.11512423,-0.33770272,0.02136239,-0.05822331,-0.11586963,-0.12506584
4.93770574,0.12137347,-0.31931493,0.02374795,-0.05135457,-0.10904956,-0.11830692
4.95853994,0.12526620,-0.30555347,0.03019160,-0.04999691,-0.09418512,-0.10111588
4.97937414,0.12845842,-0.30587420,0.04049220,-0.04146124,-0.08880954,-0.09808999
5.00020834,0.13676657,-0.29318810,0.05029361,-0.02393134,-0.08168634,-0.10120152
5.02104254,0.15726750,-0.28480727,0.06172052,-0.01899678,-0.07620209,-0.08918363
5.04187675,0.16664632,-0.27829895,0.07091903,-0.02059112,-0.07573648,-0.07829029
5.06271095,0.16614592,-0.26459908,0.08346746,-0.00925870,-0.06427205,-0.07465911
5.08354515,0.18741052,-0.25169460,0.09411466,-0.00098290,-0.04972211,-0.06481351
5.10437935,0.19762237,-0.24755694,0.08650193,0.00677074,-0.05046321,-0.06064356
5.12521355,0.18814005,-0.23513326,0.09517028,0.01851959,-0.04005301,-0.05481158
5.14604775,0.19847985,-0.22155801,0.11927870,0.02346444,-0.03005190,-0.04460745
5.16688195,0.21297971,-0.21796368,0.12303090,0.02274368,-0.03158060,-0.04013804
5.18771616,0.22128657,-0.21223317,0.13219333,0.03210265,-0.01992557,-0.02947345
5.20855036,0.23695302,-0.19531667,0.13730127,0.04382890,-0.00713345,-0.02485070
5.22938456,0.24106018,-0.18281174,0.14350231,0.04646693,-0.00298465,-0.01438355
5.25021876,0.23487661,-0.17902353,0.15633687,0.05625374,0.00434281,-0.00177571
5.27105296,0.25281917,-0.16849130,0.16264913,0.06329152,0.00609154,-0.00193676
5.29188716,0.27686866,-0.15815118,0.16778231,0.06377743,0.00005838,0.00674233
5.31272136,0.28329904,-0.15049377,0.18606855,0.07546988,0.01952128,0.01806422
5.33355557,0.27832274,-0.14385283,0.19875443,0.08150140,0.03566791,0.01770497
5.35438977,0.27946714,-0.12387751,0.19559768,0.08265406,0.03243883,0.02503790
5.37522397,0.30056344,-0.11569339,0.21256486,0.08928399,0.04178965,0.03544667
5.39605817,0.31217854,-0.10821563,0.22362186,0.10167705,0.04627924,0.03864684
5.41689237,0.31417452,-0.08722686,0.21143314,0.10392019,0.04679723,0.04333787
5.43772657,0.32588859,-0.08976161,0.22238494,0.10402264,0.06180583,0.04787424
5.45856077,0.33261080,-0.08617543,0.25274285,0.11726932,0.07070033,0.05838040
5.47939498,0.33355774,-0.07074501,0.26074728,0.12443863,0.07465366,0.07690652
5.50022918,0.34102612,-0.06166053,0.25821591,0.12928157,0.07483265,0.07185694
5.52106338,0.36720281,-0.04523588,0.26370142,0.13962959,0.07609060,0.08222021
5.54189758,0.36967103,-0.03607360,0.27909410,0.14145025,0.09235449,0.09302652
5.56273178,0.37397551,-0.03264735,0.29305042,0.14598562,0.10052924,0.08683810
5.58356598,0.38534909,-0.02665601,0.29524007,0.14740244,0.09779520,0.09957476
5.60440018,0.36875792,-0.01096314,0.30637864,0.16167591,0.11285603,0.09909777
5.62523439,0.26276183,0.00125078,0.30870703,0.17660090,0.11577323,0.10898094
5.64606859,0.03635927,0.00155346,0.31385118,0.17438895,0.11603638,0.12857037
5.66690279,-0.19481315,0.01997552,0.32758197,0.17938423,0.13224793,0.12455861
5.68773699,-0.31552414,0.02521284,0.34557892,0.18785686,0.13913637,0.12818527
5.70857119,-0.32114181,0.02286208,0.34731009,0.19591782,0.14634533,0.13343730
5.72940539,-0.31166823,0.04287531,0.34703442,0.20132043,0.14083752,0.13801157
5.75023959,-0.30361774,0.05876194,0.36570975,0.20583500,0.14823923,0.15271480
5.77107380,-0.28042370,0.05723768,0.37140109,0.21181644,0.16499751,0.15855975
5.79190800,-0.27529771,0.06595415,0.37389996,0.22552978,0.16668141,0.15816565
5.81274220,-0.28034273,0.07915537,0.32190759,0.22462353,0.17675762,0.16583425
5.83357640,-0.26160977,0.08765886,0.14962135,0.22782664,0.18711154,0.17784376
5.85441060,-0.24468440,0.10008430,-0.09391609,0.24250670,0.18457707,0.18171240
5.87524480,-0.24487375,0.10242776,-0.28489872,0.24835354,0.19007157,0.18435528
5.89607900,-0.23141032,0.10776571,-0.32628813,0.25109558,0.20481143,0.19742887
5.91691321,-0.22123310,0.11763501,-0.29707022,0.25421776,0.20855622,0.21094607
5.93774741,-0.21560110,0.12434653,-0.29529144,0.26337175,0.20452623,0.20480006
5.95858161,-0.20093984,0.13904258,-0.28865513,0.27081891,0.21326116,0.21429076
5.97941581,-0.19820411,0.15701059,-0.27364193,0.27478158,0.22267035,0.22542943
6.00025001,-0.18957773,0.15850077,-0.26775402,0.28343486,0.23745128,0.22247196
6.02108421,-0.17084841,0.16179130,-0.25981153,0.28639047,0.23745357,0.23213765
6.04191841,-0.16432279,0.17159049,-0.24833522,0.29372143,0.24016783,0.23650654
6.06275262,-0.15745695,0.17894025,-0.23701958,0.30268972,0.25547104,0.24184867
6.08358682,-0.14551432,0.18980179,-0.23402207,0.23898079,0.25533598,0.25409887
6.10442102,-0.13845029,0.19858441,-0.21797172,0.07245807,0.26534664,0.25219815
6.12525522,-0.12493460,0.20228777,-0.19786264,-0.12010672,0.27727721,0.26115168
6.14608942,-0.11395904,0.21607452,-0.20005121,-0.23117462,0.27733639,0.27296472
6.16692362,-0.11080937,0.22086802,-0.20132048,-0.24681510,0.28015021,0.27181947
6.18775782,-0.09935848,0.23059109,-0.18571355,-0.24019582,0.28196318,0.27835799
6.20859203,-0.08997407,0.24690302,-0.16937285,-0.23171271,0.27807800,0.29561665
6.22942623,-0.08186098,0.24477173,-0.16011292,-0.22172370,0.20475956,0.30522600
6.25026043,-0.06843132,0.26098654,-0.15348906,-0.22201566,0.02524645,0.29416801
6.27109463,-0.04894688,0.26769089,-0.14445798,-0.21463517,-0.15713015,0.31184295
6.29192883,-0.04137231,0.27238251,-0.12502948,-0.19861854,-0.24112626,0.28710165
6.31276303,-0.03914524,0.28702758,-0.11975694,-0.18992797,-0.22501374,0.15409122
6.33359723,-0.02472648,0.29435776,-0.11224561,-0.18099006,-0.21473946,-0.02787971
6.35443144,-0.02385313,0.30404067,-0.10585663,-0.17999417,-0.21751797,-0.19894714
6.37526564,-0.01499586,0.30256698,-0.09883081,-0.17402265,-0.20733255,-0.25666294
6.39609984,0.00167558,0.31358901,-0.08621909,-0.16431958,-0.20051636,-0.24418783
6.41693404,0.01380680,0.32873762,-0.07873345,-0.15451612,-0.19228447,-0.24682519
6.43776824,0.02116604,0.33777343,-0.06689596,-0.15037121,-0.18411106,-0.22730313
6.45860244,0.01874340,0.35221825,-0.05171435,-0.14612254,-0.18308623,-0.21443772
6.47943664,0.02620356,0.35401433,-0.05089546,-0.13457409,-0.17730185,-0.22446378
6.50027085,0.04694402,0.35401202,-0.04856123,-0.12679032,-0.16635743,-0.21378806
6.52110505,0.05899116,0.36996298,-0.02161577,-0.11482914,-0.15821268,-0.20710870
6.54193925,0.06462889,0.38029034,-0.01656311,-0.11307303,-0.14608856,-0.19501814
6.56277345,0.06726232,0.38431956,-0.01631581,-0.11163618,-0.14577411,-0.18047589
6.58360765,0.07782980,0.39847065,0.00291424,-0.09929019,-0.14095643,-0.18309386
6.60444185,0.09932385,0.39880050,0.00242415,-0.08933269,-0.12839243,-0.18029759
6.62527605,0.09734333,0.31762778,0.01029355,-0.08244738,-0.12016094,-0.17272386
6.64611026,0.10629647,0.11878878,0.03113826,-0.07445010,-0.11835783,-0.15253484
6.66694446,0.11943444,-0.13178203,0.03236523,-0.07074294,-0.11001361,-0.14634659
6.68777866,0.12320003,-0.30592170,0.04268033,-0.05368034,-0.10167415,-0.14205290
6.70861286,0.13682837,-0.33756886,0.05270884,-0.05278904,-0.09868329,-0.13966708
6.72944706,0.14484357,-0.31362723,0.06056074,-0.04599269,-0.08661787,-0.13508616
6.75028126,0.15197312,-0.31304961,0.06621602,-0.03792948,-0.07876452,-0.12427349
6.77111546,0.16406589,-0.30581153,0.07193139,-0.03380508,-0.06689288,-0.11914891
6.79194967,0.16736399,-0.28934705,0.08920842,-0.01360262,-0.06470757,-0.10663232
6.81278387,0.17296906,-0.29434861,0.08829233,-0.00886798,-0.05882744,-0.10191213
6.83361807,0.18680070,-0.27865347,0.10024508,-0.00446215,-0.04564559,-0.09573038
6.85445227,0.19743985,-0.26054585,0.11971545,0.00225865,-0.04166366,-0.08432109
6.87528647,0.19638172,-0.25463621,0.12093822,0.00677853,-0.03054629,-0.07550644
6.89612067,0.20629486,-0.23859895,0.13094507,0.00748031,-0.02893704,-0.06847005
6.91695487,0.22181731,-0.23741594,0.13394493,0.01548040,-0.02155287,-0.06674909
6.93778908,0.23363258,-0.22768613,0.14545132,0.02645322,-0.00627684,-0.06149930
6.95862328,0.24101531,-0.20979303,0.16007916,0.02921846,-0.00686890,-0.04854824
6.97945748,0.23527319,-0.20611594,0.15852040,0.03875230,0.00146597,-0.04100627
7.00029168,0.25044634,-0.20304924,0.16292180,0.04535626,0.01500298,-0.03751405
7.02112588,0.26753031,-0.18621144,0.17742045,0.05662415,0.01415097,-0.03574217
7.04196008,0.26802487,-0.17072195,0.18681564,0.07072236,0.02424247,-0.02079811
7.06279428,0.27003298,-0.16077207,0.19426079,0.07417047,0.03778038,-0.00536972
7.08362849,0.29985657,-0.16801964,0.20820078,0.06478491,0.03614559,-0.00340259
7.10446269,0.31326264,-0.15921638,0.21101976,0.06829555,0.04081852,0.00326758
7.12529689,0.29627978,-0.13703947,0.22871224,0.09047685,0.05169320,0.00451267
7.14613109,0.23743600,-0.13140120,0.23668084,0.09813335,0.05914065,0.01423880
7.16696529,0.07687127,-0.11975484,0.23486026,0.09822929,0.06257115,0.02057016
7.18779949,-0.11606505,-0.11281631,0.25055993,0.10206609,0.07026096,0.02532954
7.20863369,-0.22905311,-0.10204156,0.26030792,0.11666559,0.07536581,0.03924817
7.22946789,-0.24879734,-0.09237831,0.26391448,0.11586826,0.07766700,0.04301454
7.25030210,-0.24071079,-0.08468525,0.27265831,0.12421072,0.08225798,0.04127625
7.27113630,-0.23202655,-0.07604449,0.27519238,0.13387885,0.09542434,0.05762375
7.29197050,-0.21729314,-0.06675409,0.29314877,0.13110359,0.10693760,0.06071142
7.31280470,-0.21374097,-0.05653965,0.29957900,0.14736420,0.10618806,0.05975085
7.33363890,-0.19556318,-0.04610304,0.20798442,0.15021165,0.12061654,0.08111536
7.35447310,-0.18341317,-0.03468140,0.03268393,0.14913051,0.12843509,0.08412620
7.37530730,-0.18700114,-0.02366178,-0.13988285,0.16101768,0.12334569,0.08636648
7.39614151,-0.17388499,-0.01382504,-0.23092967,0.17503873,0.12607139,0.09653483
7.41697571,-0.15890188,-0.00513401,-0.23507348,0.18010666,0.14010265,0.09781256
7.43780991,-0.14205198,-0.00103860,-0.22467227,0.17558562,0.15531050,0.10408336
7.45864411,-0.14008184,0.00565425,-0.21197667,0.18238922,0.15593647,0.11544054
7.47947831,-0.14119580,0.02420689,-0.21074012,0.20047849,0.15662498,0.12445590
7.50031251,-0.12686162,0.03759136,-0.21035126,0.20412356,0.16720159,0.12730576
7.52114671,-0.10958424,0.04077305,-0.19109931,0.20867949,0.17184648,0.13118749
7.54198092,-0.10564355,0.03983906,-0.17235647,0.21290230,0.18247578,0.13564279
7.56281512,-0.10392791,0.05496385,-0.17278966,0.21202334,0.18548408,0.13794614
7.58364932,-0.08565716,0.06432587,-0.16153502,0.22794846,0.19000992,0.15473360
7.60448352,-0.06945396,0.06874064,-0.14664593,0.21892868,0.20244033,0.16140852
7.62531772,-0.06310810,0.08393794,-0.14657189,0.12372237,0.20644757,0.15222679
7.64615192,-0.06386629,0.08673776,-0.13187718,-0.02840572,0.21105169,0.16232931
7.66698612,-0.05269264,0.10158708,-0.12641225,-0.14907698,0.21681515,0.18877368
7.68782033,-0.03273390,0.11613504,-0.11201993,-0.18807337,0.19744092,0.18679222
7.70865453,-0.02622959,0.11535421,-0.09878343,-0.17475325,0.09549111,0.18878893
7.72948873,-0.01885045,0.12461639,-0.09685114,-0.16827204,-0.05473377,0.19512748
7.75032293,-0.00938101,0.13257809,-0.08608032,-0.16445634,-0.16059775,0.19027724
7.77115713,0.00097679,0.14323694,-0.07156619,-0.15037524,-0.16917022,0.20808468
7.79199133,0.00395940,0.15875518,-0.05743766,-0.14152764,-0.15469477,0.22353947
7.81282553,0.00449583,0.15608033,-0.05526235,-0.13879176,-0.16237697,0.22009605
7.83365974,0.02287789,0.16097320,-0.05379314,-0.12815188,-0.16075952,0.22014950
7.85449394,0.03928050,0.18184178,-0.03262689,-0.12529558,-0.15050687,0.23377074
7.87532814,0.04231227,0.18620757,-0.02060217,-0.11944974,-0.13708048,0.21456534
7.89616234,0.04542320,0.19294082,-0.01640284,-0.10877229,-0.13397569,0.11050225
7.91699654,0.05600187,0.19865032,-0.00587421,-0.10223822,-0.12956102,-0.04043170
7.93783074,0.07061416,0.20599228,0.00352347,-0.09369334,-0.11652049,-0.16163034
7.95866494,0.07162429,0.22767982,0.01059970,-0.08826197,-0.10747056,-0.19105660
7.97949915,0.08961482,0.22423302,0.01928573,-0.08163640,-0.10373805,-0.17688792
8.00033335,0.09739061,0.23036215,0.03045058,-0.06628230,-0.09453101,-0.16636615
8.02116755,0.09282867,0.24642305,0.04365878,-0.05251982,-0.08861326,-0.16316710
8.04200175,0.11555739,0.24627585,0.04352013,-0.05675705,-0.08314710,-0.16256713
8.06283595,0.11746238,0.26300849,0.05648376,-0.05093549,-0.07861350,-0.15230630
8.08367015,0.12638093,0.27184483,0.07568212,-0.04380903,-0.06612963,-0.14513253
8.10450435,0.14683149,0.27234474,0.07072563,-0.03159695,-0.05182042,-0.13832382
8.12533856,0.13828375,0.29140649,0.07990572,-0.02259218,-0.05049143,-0.14071940
8.14617276,0.14206515,0.30641892,0.09174166,-0.02942191,-0.04307818,-0.12400699
8.16700696,0.15805848,0.31077666,0.09644667,-0.01485269,-0.02831441,-0.11749600
8.18784116,0.17582285,0.30519164,0.11146416,-0.00033716,-0.02621894,-0.11066296
8.20867536,0.18682751,0.26628156,0.12349398,0.00588370,-0.02702994,-0.09022966
8.22950956,0.19197874,0.11875658,0.12642389,0.01886134,-0.01885493,-0.08959628
8.25034376,0.20125863,-0.09267554,0.14276022,0.02533854,-0.01105191,-0.08379477
8.27117797,0.20115455,-0.22242456,0.15742592,0.01983504,-0.00017868,-0.07300694
8.29201217,0.21277212,-0.25425285,0.14728842,0.03532186,-0.00040725,-0.07168414
8.31284637,0.22305606,-0.24467403,0.15919695,0.04084273,0.01240519,-0.06343885
8.33368057,0.23117220,-0.23220109,0.18065766,0.04389440,0.03250315,-0.04905226
8.35451477,0.22397838,-0.23564293,0.17988686,0.05022068,0.02280273,-0.04683926
8.37534897,0.14905556,-0.22966456,0.18197911,0.05088844,0.03561912,-0.04155795
8.39618317,-0.00182487,-0.20685012,0.19702433,0.07015486,0.04250947,-0.03508483
8.41701738,-0.13902553,-0.19098018,0.20837687,0.07971213,0.04202924,-0.02379928
8.43785158,-0.18406368,-0.19537848,0.21340351,0.08190485,0.05685011,-0.01476335
8.45868578,-0.18250177,-0.18766237,0.21692232,0.08294047,0.05473537,-0.01078464
8.47951998,-0.17457622,-0.16576381,0.21340408,0.08626105,0.06196217,-0.00140069
8.50035418,-0.17285049,-0.15752059,0.14489479,0.09207849,0.07423608,0.00115861
8.52118838,-0.15188230,-0.14795776,-0.00028219,0.11380525,0.08461707,0.01044495
8.54202258,-0.13391465,-0.14263584,-0.13568783,0.11448291,0.08802524,0.01793559
8.56285679,-0.13882163,-0.13235360,-0.18359228,0.10953067,0.09643389,0.02343845
8.58369099,-0.12848741,-0.12471587,-0.16555088,0.12685671,0.10272011,0.02934282
8.60452519,-0.11893629,-0.12032394,-0.15971388,0.13847712,0.10627319,0.03028292
8.62535939,-0.10589262,-0.10253721,-0.15603001,0.13889120,0.10656474,0.04202794
8.64619359,-0.09779600,-0.09235648,-0.13765062,0.13619070,0.11926031,0.05633382
8.66702779,-0.08438839,-0.08477817,-0.13202999,0.14972486,0.12834490,0.05750873
8.68786199,-0.07292994,-0.07352338,-0.13495319,0.15997086,0.12739113,0.05584518
8.70869620,-0.07466227,-0.06617113,-0.12510958,0.16291684,0.14644856,0.06790370
8.72953040,-0.06950743,-0.05496568,-0.10546152,0.16557547,0.15086651,0.07803497
8.75036460,-0.05595709,-0.04391227,-0.09567142,0.12043685,0.14974914,0.08034669
8.77119880,-0.04201683,-0.03221887,-0.08645437,0.01938356,0.15635494,0.08681428
8.79203300,-0.02748396,-0.02763365,-0.08542491,-0.07887632,0.15746675,0.10928763
8.81286720,-0.00990347,-0.01666354,-0.07276139,-0.12653860,0.12520490,0.10631970
8.83370140,-0.00518801,-0.00371143,-0.05957666,-0.12505249,0.03842775,0.09781396
8.85453561,-0.00355875,0.00101208,-0.06141215,-0.10928499,-0.06094603,0.11920664
8.87536981,0.00595735,0.00646824,-0.03455450,-0.10711256,-0.11133993,0.12530121
8.89620401,0.01954298,0.01988240,-0.02306726,-0.10938990,-0.12141972,0.12643655
8.91703821,0.02613712,0.03522675,-0.02089590,-0.09588551,-0.11147753,0.13348772
8.93787241,0.03260498,0.03814376,-0.01050424,-0.08493323,-0.10007967,0.14073982
8.95870661,0.03969398,0.05018931,-0.01181111,-0.07961178,-0.10050886,0.14531991
8.97954081,0.03901322,0.05845905,0.00193994,-0.07369781,-0.09629743,0.14574831
9.00037502,0.05608614,0.06233939,0.01604877,-0.05739665,-0.08343498,0.16434346
9.02120922,0.08067517,0.07625615,0.01335000,-0.05137588,-0.06886634,0.16857498
9.04204342,0.08639712,0.08522589,0.03567365,-0.05300137,-0.07189717,0.16649775
9.06287762,0.08170657,0.09133087,0.05226229,-0.04200338,-0.06853643,0.15705326
9.08371182,0.09376377,0.09763381,0.04759907,-0.03687508,-0.05424451,0.06832754
9.10454602,0.10909141,0.11308348,0.05633519,-0.03174094,-0.04198304,-0.04564417
9.12538022,0.12165528,0.12075483,0.07082535,-0.02238690,-0.03520763,-0.11938453
9.14621443,0.13100893,0.12555907,0.07474228,-0.01005903,-0.03681048,-0.13681598
9.16704863,0.13058279,0.13142575,0.07759296,-0.00122541,-0.02390746,-0.12349440
9.18788283,0.13543256,0.14624773,0.09584082,0.00058756,-0.01838211,-0.11412453
9.20871703,0.14725693,0.15683640,0.11306660,0.00403860,-0.01567771,-0.11006403
9.22955123,0.16015382,0.15975050,0.11136173,0.01737781,-0.00685951,-0.10554880
9.25038543,0.16263300,0.17435533,0.11230256,0.02925825,-0.00048229,-0.09772631
9.27121963,0.17241251,0.17945513,0.13222183,0.02631556,0.01332955,-0.09211877
9.29205384,0.16785503,0.18884715,0.14203487,0.04103745,0.02073060,-0.08258251
9.31288804,0.10655884,0.19696817,0.14399283,0.04710190,0.01680333,-0.07402646
9.33372224,-0.00055058,0.20638227,0.16256719,0.04896031,0.02460936,-0.06700472
9.35455644,-0.10693657,0.21325663,0.16465761,0.05878664,0.03361637,-0.06480959
9.37539064,-0.14497772,0.22082294,0.16346142,0.05959156,0.04360819,-0.05332622
9.39622484,-0.12658067,0.23126971,0.12930579,0.00000000,0.05097262,-0.04115609
9.41705904,-0.12217168,0.23686561,0.02711632,0.00000000,0.05517771,-0.04085512
9.43789325,-0.12553662,0.22664503,-0.08478687,0.00000000,0.06800257,-0.02759008
9.45872745,-0.10558919,0.13167996,-0.12828352,0.00000000,0.06732286,-0.01873842
9.47956165,-0.08360001,-0.02215849,-0.11513191,0.00000000,0.07924211,-0.01744714
9.50039585,-0.08647006,-0.15675015,-0.11538796,0.00000000,0.08356881,-0.00618617
9.52123005,-0.08197631,-0.19673311,-0.10880353,0.00000000,0.07448314,0.00298826
9.54206425,-0.06315738,-0.18170305,-0.09739025,0.00000000,0.08968430,0.00518008
9.56289845,-0.04937445,-0.18521979,-0.08916119,0.00000000,0.10053330,0.01707504
9.58373266,-0.04995243,-0.17083951,-0.07895444,0.00000000,0.10734374,0.02287049
9.60456686,-0.03754112,-0.15196432,-0.07172615,0.00000000,0.11957497,0.02129813
9.62540106,-0.02193666,-0.14638842,-0.05990619,0.00000000,0.09908036,0.03597373
9.64623526,-0.02187085,-0.13494268,-0.04932314,0.00000000,0.02577738,0.03846708
9.66706946,-0.01202061,-0.12420163,-0.04242539,0.00000000,-0.04499170,0.04146785
9.68790366,0.00283797,-0.11909932,-0.03208096,0.00000000,-0.06989870,0.05949575
9.70873786,0.01136551,-0.11550206,-0.02037778,0.00000000,-0.07678893,0.06300227
9.72957207,0.01785268,-0.10678868,-0.00908939,0.00000000,-0.07524516,0.06483083
9.75040627,0.03173077,-0.08778600,-0.00354557,0.00000000,-0.06580501,0.06647133
9.77124047,0.04048781,-0.07909165,-0.00225573,0.00000000,-0.05232225,0.06989491
9.79207467,0.04166703,-0.07900644,0.00834218,0.00000000,-0.04603664,0.08627356
9.81290887,0.04836150,-0.06471475,0.01971755,0.00000000,-0.04597452,0.09534233
9.83374307,0.06429335,-0.04529164,0.03200290,0.00000000,-0.03124009,0.10242257
9.85457727,0.06786326,-0.04035536,0.03682401,0.00000000,-0.02277129,0.11021573
9.87541148,0.07997374,-0.03958163,0.04364434,0.00000000,-0.02088125,0.10524562
9.89624568,0.08011618,-0.02846547,0.05799332,0.00000000,-0.01205003,0.11030956
9.91707988,0.09115620,-0.01408520,0.06124180,0.00000000,-0.00480273,0.12589789
9.93791408,0.12528543,-0.00330090,0.06551003,0.00000000,0.00227013,0.10427494
9.95874828,0.11892826,0.00595328,0.07438416,0.00000000,0.01255336,0.03219613
9.97958248,0.11414103,0.00970687,0.09212945,0.00000000,0.01302294,-0.05011500
10.00041668,0.12797683,0.01994097,0.10159827,0.00000000,0.02165238,-0.09224191
10.02125089,0.10699521,0.03450558,0.10630792,0.00000000,0.03200902,-0.09128152
10.04208509,0.03031270,0.03657930,0.11598106,0.00000000,0.03406562,-0.07846275
10.06291929,-0.05323196,0.05075417,0.10749867,0.00000000,0.04175122,-0.06796759
10.08375349,-0.09209151,0.06644331,0.09162331,0.00000000,0.04677876,-0.06560514
10.10458769,-0.09626660,0.06117346,0.03538823,0.00000000,0.06006215,-0.05305347
10.12542189,-0.08918602,0.06983135,-0.06468813,0.00000000,0.06502770,-0.04150091
10.14625609,-0.07653234,0.08570644,-0.09212461,0.00000000,0.06186467,-0.04242765
10.16709030,-0.06227642,0.09687294,-0.07354540,0.00000000,0.07177394,-0.03414184
10.18792450,-0.04868768,0.10300600,-0.07134600,0.00000000,0.06145189,-0.02284927
10.20875870,-0.04051899,0.11052990,-0.06310010,0.00000000,0.00061821,-0.02238803
10.22959290,-0.03599089,0.12181643,-0.05572904,0.00000000,-0.05164852,-0.01727887
10.25042710,-0.03016585,0.13306675,-0.04029208,0.00000000,-0.05161900,-0.00498180
10.27126130,-0.01642314,0.13466430,-0.03340219,0.00000000,-0.03206927,0.00079865
10.29209550,-0.00813086,0.13205123,-0.03194944,0.00000000,-0.03325744,0.00313596
10.31292971,-0.00122023,0.15299588,-0.01740671,0.00000000,-0.02894106,0.01441222
10.33376391,0.02025830,0.16599662,-0.00728781,0.00000000,-0.01862307,0.02610909
10.35459811,0.02645091,0.17001959,-0.00061249,0.00000000,-0.01542066,0.02502042
10.37543231,0.02353404,0.17785766,0.00756895,0.00000000,-0.01299891,0.03187477
10.39626651,0.03524528,0.17203361,0.02083221,0.00000000,-0.00369993,0.04669438
10.41710071,0.05144910,0.10688077,0.03081032,0.00000000,0.01547039,0.04804542
10.43793491,0.05846910,-0.01649921,0.03199463,0.00000000,0.01174151,0.05249043
10.45876912,0.06641673,-0.11056761,0.04539376,0.00000000,0.03085919,0.06073084
10.47960332,0.08143439,-0.13798265,0.06077140,0.00000000,0.03980895,0.06753511
10.50043752,0.08420093,-0.13239435,0.05809470,0.00000000,0.00000000,0.07697691
10.52127172,0.08535963,-0.12405926,0.07137463,0.00000000,0.00000000,0.07923638
10.54210592,0.06801810,-0.11285318,0.08401843,0.00000000,0.00000000,0.07816710
10.56294012,0.00336619,-0.10681583,0.07335975,0.00000000,0.00000000,0.03881300
10.58377432,-0.05697927,-0.09195177,0.02662770,0.00000000,0.00000000,-0.03402182
10.60460853,-0.06809216,-0.08438407,-0.03107813,0.00000000,0.00000000,-0.06043232
10.62544273,-0.04846736,-0.08046437,-0.04676315,0.00000000,0.00000000,-0.04678618
10.64627693,-0.04138685,-0.06370281,-0.05961759,0.00000000,0.00000000,-0.04944345
10.66711113,-0.04113669,-0.05263814,-0.05070948,0.00000000,0.00000000,-0.04131568
10.68794533,-0.01918193,-0.05552079,-0.03045293,0.00000000,0.00000000,-0.03056872
10.70877953,-0.01680126,-0.04953737,-0.02059364,0.00000000,0.00000000,-0.03392625
10.72961373,-0.01795396,-0.02571210,-0.01115217,0.00000000,0.00000000,-0.01976556
10.75044794,0.00366367,-0.01213260,-0.01720488,0.00000000,0.00000000,-0.00740150
10.77128214,0.01712769,-0.00891090,-0.01186166,0.00000000,0.00000000,-0.00820368
10.79211634,0.02692948,-0.00302088,0.00000000,0.00000000,0.00000000,0.00149692
10.81295054,0.03134461,0.00300789,0.00000000,0.00000000,0.00000000,0.00965111
10.83378474,0.02658859,0.01632942,0.00000000,0.00000000,0.00000000,0.01452941
10.85461894,0.05011408,0.02434649,0.00000000,0.00000000,0.00000000,0.02105815
10.87545314,0.06248704,0.03371539,0.00000000,0.00000000,0.00000000,0.02836216
10.89628735,0.04615939,0.04809397,0.00000000,0.00000000,0.00000000,0.03861601
10.91712155,0.01896355,0.05329588,0.00000000,0.00000000,0.00000000,0.04191573
10.93795575,-0.02111995,0.05788764,0.00000000,0.00000000,0.00000000,0.04664610
10.95878995,-0.04119754,0.05585760,0.00000000,0.00000000,0.00000000,0.05322031
10.97962415,-0.03244865,0.07009537,0.00000000,0.00000000,0.00000000,0.02917553
11.00045835,-0.01447525,0.09030242,0.00000000,0.00000000,0.00000000,-0.00933422
11.02129255,-0.01292493,0.09463394,0.00000000,0.00000000,0.00000000,-0.02659120
11.04212676,0.00064910,0.10807670,0.00000000,0.00000000,0.00000000,-0.02514114
11.06296096,0.01873243,0.11737625,0.00000000,0.00000000,0.00000000,-0.02620816
11.08379516,0.01813742,0.12127995,0.00000000,0.00000000,0.00000000,-0.01467045
11.10462936,0.02127288,0.11720867,0.00000000,0.00000000,0.00000000,-0.00376970
11.12546356,0.02834404,0.11293799,0.00000000,0.00000000,0.00000000,-0.00362551
11.14629776,0.01031981,0.07200996,0.00000000,0.00000000,0.00000000,0.00211748
11.16713196,-0.00873812,-0.00949633,0.00000000,0.00000000,0.00000000,0.01788658
11.18796617,-0.01110874,-0.07999597,0.00000000,0.00000000,0.00000000,0.02197938
11.20880037,-0.00336343,-0.09835364,0.00000000,0.00000000,0.00000000,0.02023223
11.22963457,-0.00076635,-0.08057522,0.00000000,0.00000000,0.00000000,0.02081509
11.25046877,-0.00156157,-0.07596633,0.00000000,0.00000000,0.00000000,0.00327047
11.27130297,0.00233312,-0.06671515,0.00000000,0.00000000,0.00000000,-0.00372630
11.29213717,-0.00118162,-0.06171088,0.00000000,0.00000000,0.00000000,-0.00199815
11.31297137,0.00550252,-0.05572635,0.00000000,0.00000000,0.00000000,0.00126264
11.33380558,0.00489413,-0.03587268,0.00000000,0.00000000,0.00000000,0.00193251
11.35463978,-0.00350454,-0.02454574,0.00000000,0.00000000,0.00000000,-0.00107724
11.37547398,-0.00196064,-0.03362306,0.00000000,0.00000000,0.00000000,-0.00555825
11.39630818,0.00082886,-0.02007748,0.00000000,0.00000000,0.00000000,-0.00435572
11.41714238,0.00016999,-0.00160686,0.00000000,0.00000000,0.00000000,0.00195824
11.43797658,0.00205481,0.00673998,0.00000000,0.00000000,0.00000000,0.00301537
11.45881078,-0.00165743,0.01670165,0.00000000,0.00000000,0.00000000,0.00191258
11.47964499,0.00059862,0.02521784,0.00000000,0.00000000,0.00000000,-0.00003082
11.50047919,0.00240267,0.03235078,0.00000000,0.00000000,0.00000000,-0.00276409
11.52131339,-0.00281235,0.03788627,0.00000000,0.00000000,0.00000000,0.00103601
11.54214759,-0.00506251,0.04249014,0.00000000,0.00000000,0.00000000,0.00325894
11.56298179,0.00194978,0.05794317,0.00000000,0.00000000,0.00000000,0.00187599
11.58381599,0.00316590,0.06773743,0.00000000,0.00000000,0.00000000,-0.00045787
11.60465019,-0.00078642,0.07491202,0.00000000,0.00000000,0.00000000,-0.00227248
11.62548440,0.00071782,0.08690526,0.00000000,0.00000000,0.00000000,0.00031454
11.64631860,0.00039143,0.08398896,0.00000000,0.00000000,0.00000000,0.00069934
11.66715280,0.00142054,0.06155633,0.00000000,0.00000000,0.00000000,-0.00058260
11.68798700,-0.00219792,0.01399564,0.00000000,0.00000000,0.00000000,-0.00063409
11.70882120,0.00084372,-0.03919141,0.00000000,0.00000000,0.00000000,-0.00099030
11.72965540,0.00497151,-0.06591795,0.00000000,0.00000000,0.00000000,-0.00098552
11.75048960,-0.00105357,-0.06427142,0.00000000,0.00000000,0.00000000,0.00127312
11.77132381,-0.00333097,-0.03810380,0.00000000,0.00000000,0.00000000,0.00277532
11.79215801,-0.00148031,-0.02879478,0.00000000,0.00000000,0.00000000,0.00177482
11.81299221,-0.00185639,-0.03507269,0.00000000,0.00000000,0.00000000,0.00015365
11.83382641,0.00006183,-0.01880151,0.00000000,0.00000000,0.00000000,-0.00375289
11.85466061,0.00285300,-0.00683949,0.00000000,0.00000000,0.00000000,-0.00043773
11.87549481,0.00291018,0.00382486,0.00000000,0.00000000,0.00000000,0.00441635
11.89632901,-0.00030458,0.00891494,0.00000000,0.00000000,0.00000000,-0.00121946
11.91716322,-0.00367710,0.02167903,0.00000000,0.00000000,0.00000000,-0.00405625
11.93799742,0.00233201,0.02472674,0.00000000,0.00000000,0.00000000,0.00287491
11.95883162,0.00391122,0.02627509,0.00000000,0.00000000,0.00000000,0.00183461
11.97966582,-0.00022630,0.04947744,0.00000000,0.00000000,0.00000000,-0.00529162
12.00050002,0.00173747,0.05696745,0.00000000,0.00000000,0.00000000,-0.00104433
12.02133422,-0.00163510,0.05720740,0.00000000,0.00000000,0.00000000,0.00216017
12.04216842,-0.00313746,0.02651888,0.00000000,0.00000000,0.00000000,-0.00285761
12.06300263,-0.00264933,-0.01529937,0.00000000,0.00000000,0.00000000,-0.00078867
12.08383683,-0.00466218,-0.03232666,0.00000000,0.00000000,0.00000000,0.00009014
12.10467103,0.00235834,-0.03468004,0.00000000,0.00000000,0.00000000,0.00176744
12.12550523,0.00816554,-0.02573164,0.00000000,0.00000000,0.00000000,0.00189242
12.14633943,-0.00078829,-0.01615156,0.00000000,0.00000000,0.00000000,0.00210327
12.16717363,-0.00411032,-0.00593444,0.00000000,0.00000000,0.00000000,0.00075929
12.18800783,-0.00115382,0.00214428,0.00000000,0.00000000,0.00000000,-0.00399064
12.20884204,-0.00063075,0.01655672,0.00000000,0.00000000,0.00000000,0.00085945
12.22967624,0.00068296,0.02541802,0.00000000,0.00000000,0.00000000,-0.00041600
12.25051044,-0.00089973,0.02843995,0.00000000,0.00000000,0.00000000,-0.00760419
12.27134464,-0.00256726,0.02697766,0.00000000,0.00000000,0.00000000,0.00076053
12.29217884,0.00284281,0.01185177,0.00000000,0.00000000,0.00000000,0.00493310
12.31301304,0.00235322,-0.02154772,0.00000000,0.00000000,0.00000000,-0.00054719
12.33384724,-0.00036330,0.00000000,0.00000000,0.00000000,0.00000000,0.00043940
12.35468145,0.00374259,0.00000000,0.00000000,0.00000000,0.00000000,0.00157381
12.37551565,-0.00027705,0.00000000,0.00000000,0.00000000,0.00000000,0.00173248
12.39634985,-0.00301004,0.00000000,0.00000000,0.00000000,0.00000000,-0.00189740
12.41718405,-0.01264686,0.00000000,0.00000000,0.00000000,0.00000000,-0.00157298
12.43801825,-0.00695059,0.00000000,0.00000000,0.00000000,0.00000000,0.00307357
12.45885245,0.00000000,0.00000000,0.00000000,0.00000000,0.00000000,0.00186733
12.47968665,0.00000000,0.00000000,0.00000000,0.00000000,0.00000000,-0.00135689
12.50052086,0.00000000,0.00000000,0.00000000,0.00000000,0.00000000,-0.00024095
12.52135506,0.00000000,0.00000000,0.00000000,0.00000000,0.00000000,-0.00073622
12.54218926,0.00000000,0.00000000,0.00000000,0.00000000,0.00000000,0.00178219
12.56302346,0.00000000,0.00000000,0.00000000,0.00000000,0.00000000,-0.00298333
12.58385766,0.00000000,0.00000000,0.00000000,0.00000000,0.00000000,0.00000000
12.60469186,0.00000000,0.00000000,0.00000000,0.00000000,0.00000000,0.00000000
12.62552606,0.00000000,0.00000000,0.00000000,0.00000000,0.00000000,0.00000000
12.64636027,0.00000000,0.00000000,0.00000000,0.00000000,0.00000000,0.00000000
12.66719447,0.00000000,0.00000000,0.00000000,0.00000000,0.00000000,0.00000000
12.68802867,0.00000000,0.00000000,0.00000000,0.00000000,0.00000000,0.00000000
12.70886287,0.00000000,0.00000000,0.00000000,0.00000000,0.00000000,0.00000000
12.72969707,0.00000000,0.00000000,0.00000000,0.00000000,0.00000000,0.00000000
12.75053127,0.00000000,0.00000000,0.00000000,0.00000000,0.00000000,0.00000000
12.77136547,0.00000000,0.00000000,0.00000000,0.00000000,0.00000000,0.00000000
12.79219967,0.00000000,0.00000000,0.00000000,0.00000000,0.00000000,0.00000000
12.81303388,0.00000000,0.00000000,0.00000000,0.00000000,0.00000000,0.00000000
12.83386808,0.00000000,0.00000000,0.00000000,0.00000000,0.00000000,0.00000000
12.85470228,0.00000000,0.00000000,0.00000000,0.00000000,0.00000000,0.00000000
12.87553648,0.00000000,0.00000000,0.00000000,0.00000000,0.00000000,0.00000000
12.89637068,0.00000000,0.00000000,0.00000000,0.00000000,0.00000000,0.00000000
12.91720488,0.00000000,0.00000000,0.00000000,0.00000000,0.00000000,0.00000000
12.93803908,0.00000000,0.00000000,0.00000000,0.00000000,0.00000000,0.00000000
12.95887329,0.00000000,0.00000000,0.00000000,0.00000000,0.00000000,0.00000000
12.97970749,0.00000000,0.00000000,0.00000000,0.00000000,0.00000000,0.00000000
13.00054169,0.00000000,0.00000000,0.00000000,0.00000000,0.00000000,0.00000000
13.02137589,0.00000000,0.00000000,0.00000000,0.00000000,0.00000000,0.00000000
13.04221009,0.00000000,0.00000000,0.00000000,0.00000000,0.00000000,0.00000000
13.06304429,0.00000000,0.00000000,0.00000000,0.00000000,0.00000000,0.00000000
13.08387849,0.00000000,0.00000000,0.00000000,0.00000000,0.00000000,0.00000000
13.10471270,0.00000000,0.00000000,0.00000000,0.00000000,0.00000000,0.00000000
13.12554690,0.00000000,0.00000000,0.00000000,0.00000000,0.00000000,0.00000000
13.14638110,0.00000000,0.00000000,0.00000000,0.00000000,0.00000000,0.00000000
13.16721530,0.00000000,0.00000000,0.00000000,0.00000000,0.00000000,0.00000000
13.18804950,0.00000000,0.00000000,0.00000000,0.00000000,0.00000000,0.00000000
13.20888370,0.00000000,0.00000000,0.00000000,0.00000000,0.00000000,0.00000000
13.22971790,0.00000000,0.00000000,0.00000000,0.00000000,0.00000000,0.00000000
13.25055211,0.00000000,0.00000000,0.00000000,0.00000000,0.00000000,0.00000000
13.27138631,0.00000000,0.00000000,0.00000000,0.00000000,0.00000000,0.00000000
13.29222051,0.00000000,0.00000000,0.00000000,0.00000000,0.00000000,0.00000000
13.31305471,0.00000000,0.00000000,0.00000000,0.00000000,0.00000000,0.00000000
13.33388891,0.00000000,0.00000000,0.00000000,0.00000000,0.00000000,0.00000000
13.35472311,0.00000000,0.00000000,0.00000000,0.00000000,0.00000000,0.00000000
13.37555731,0.00000000,0.00000000,0.00000000,0.00000000,0.00000000,0.00000000
13.39639152,0.00000000,0.00000000,0.00000000,0.00000000,0.00000000,0.00000000
13.41722572,0.00000000,0.00000000,0.00000000,0.00000000,0.00000000,0.00000000
13.43805992,0.00000000,0.00000000,0.00000000,0.00000000,0.00000000,0.00000000
13.45889412,0.00000000,0.00000000,0.00000000,0.00000000,0.00000000,0.00000000
13.47972832,0.00000000,0.00000000,0.00000000,0.00000000,0.00000000,0.00000000
13.50056252,0.00000000,0.00000000,0.00000000,0.00000000,0.00000000,0.00000000
13.52139672,0.00000000,0.00000000,0.00000000,0.00000000,0.00000000,0.00000000
13.54223093,0.00000000,0.00000000,0.00000000,0.00000000,0.00000000,0.00000000
13.56306513,0.00000000,0.00000000,0.00000000,0.00000000,0.00000000,0.00000000
13.58389933,0.00000000,0.00000000,0.00000000,0.00000000,0.00000000,0.00000000
13.60473353,0.00000000,0.00000000,0.00000000,0.00000000,0.00000000,0.00000000
13.62556773,0.00000000,0.00000000,0.00000000,0.00000000,0.00000000,0.00000000
13.64640193,0.00000000,0.00000000,0.00000000,0.00000000,0.00000000,0.00000000
13.66723613,0.00000000,0.00000000,0.00000000,0.00000000,0.00000000,0.00000000
13.68807034,0.00000000,0.00000000,0.00000000,0.00000000,0.00000000,0.00000000
13.70890454,0.00000000,0.00000000,0.00000000,0.00000000,0.00000000,0.00000000
13.72973874,0.00000000,0.00000000,0.00000000,0.00000000,0.00000000,0.00000000
13.75057294,0.00000000,0.00000000,0.00000000,0.00000000,0.00000000,0.00000000
13.77140714,0.00000000,0.00000000,0.00000000,0.00000000,0.00000000,0.00000000
13.79224134,0.00000000,0.00000000,0.00000000,0.00000000,0.00000000,0.00000000
13.81307554,0.00000000,0.00000000,0.00000000,0.00000000,0.00000000,0.00000000
13.83390975,0.00000000,0.00000000,0.00000000,0.00000000,0.00000000,0.00000000
13.85474395,0.00000000,0.00000000,0.00000000,0.00000000,0.00000000,0.00000000
13.87557815,0.00000000,0.00000000,0.00000000,0.00000000,0.00000000,0.00000000
13.89641235,0.00000000,0.00000000,0.00000000,0.00000000,0.00000000,0.00000000
13.91724655,0.00000000,0.00000000,0.00000000,0.00000000,0.00000000,0.00000000
13.93808075,0.00000000,0.00000000,0.00000000,0.00000000,0.00000000,0.00000000
13.95891495,0.00000000,0.00000000,0.00000000,0.00000000,0.00000000,0.00000000
13.97974916,0.00000000,0.00000000,0.00000000,0.00000000,0.00000000,0.00000000
14.00058336,0.00000000,0.00000000,0.00000000,0.00000000,0.00000000,0.00000000
14.02141756,0.00000000,0.00000000,0.00000000,0.00000000,0.00000000,0.00000000
14.04225176,0.00000000,0.00000000,0.00000000,0.00000000,0.00000000,0.00000000
14.06308596,0.00000000,0.00000000,0.00000000,0.00000000,0.00000000,0.00000000
14.08392016,0.00000000,0.00000000,0.00000000,0.00000000,0.00000000,0.00000000
14.10475436,0.00000000,0.00000000,0.00000000,0.00000000,0.00000000,0.00000000
14.12558857,0.00000000,0.00000000,0.00000000,0.00000000,0.00000000,0.00000000
14.14642277,0.00000000,0.00000000,0.00000000,0.00000000,0.00000000,0.00000000
14.16725697,0.00000000,0.00000000,0.00000000,0.00000000,0.00000000,0.00000000
14.18809117,0.00000000,0.00000000,0.00000000,0.00000000,0.00000000,0.00000000
14.20892537,0.00000000,0.00000000,0.00000000,0.00000000,0.00000000,0.00000000
14.22975957,0.00000000,0.00000000,0.00000000,0.00000000,0.00000000,0.00000000
14.25059377,0.00000000,0.00000000,0.00000000,0.00000000,0.00000000,0.00000000
14.27142798,0.00000000,0.00000000,0.00000000,0.00000000,0.00000000,0.00000000
14.29226218,0.00000000,0.00000000,0.00000000,0.00000000,0.00000000,0.00000000
14.31309638,0.00000000,0.00000000,0.00000000,0.00000000,0.00000000,0.00000000
14.33393058,0.00000000,0.00000000,0.00000000,0.00000000,0.00000000,0.00000000
14.35476478,0.00000000,0.00000000,0.00000000,0.00000000,0.00000000,0.00000000
14.37559898,0.00000000,0.00000000,0.00000000,0.00000000,0.00000000,0.00000000
14.39643318,0.00000000,0.00000000,0.00000000,0.00000000,0.00000000,0.00000000
14.41726739,0.00000000,0.00000000,0.00000000,0.00000000,0.00000000,0.00000000
14.43810159,0.00000000,0.00000000,0.00000000,0.00000000,0.00000000,0.00000000
14.45893579,0.00000000,0.00000000,0.00000000,0.00000000,0.00000000,0.00000000
14.47976999,0.00000000,0.00000000,0.00000000,0.00000000,0.00000000,0.00000000
14.50060419,0.00000000,0.00000000,0.00000000,0.00000000,0.00000000,0.00000000
14.52143839,0.00000000,0.00000000,0.00000000,0.00000000,0.00000000,0.00000000
14.54227259,0.00000000,0.00000000,0.00000000,0.00000000,0.00000000,0.00000000
14.56310680,0.00000000,0.00000000,0.00000000,0.00000000,0.00000000,0.00000000
14.58394100,0.00000000,0.00000000,0.00000000,0.00000000,0.00000000,0.00000000
14.60477520,0.00000000,0.00000000,0.00000000,0.00000000,0.00000000,0.00000000
14.62560940,0.00000000,0.00000000,0.00000000,0.00000000,0.00000000,0.00000000
14.64644360,0.00000000,0.00000000,0.00000000,0.00000000,0.00000000,0.00000000
14.66727780,0.00000000,0.00000000,0.00000000,0.00000000,0.00000000,0.00000000
14.68811200,0.00000000,0.00000000,0.00000000,0.00000000,0.00000000,0.00000000
14.70894621,0.00000000,0.00000000,0.00000000,0.00000000,0.00000000,0.00000000
14.72978041,0.00000000,0.00000000,0.00000000,0.00000000,0.00000000,0.00000000
14.75061461,0.00000000,0.00000000,0.00000000,0.00000000,0.00000000,0.00000000
14.77144881,0.00000000,0.00000000,0.00000000,0.00000000,0.00000000,0.00000000
14.79228301,0.00000000,0.00000000,0.00000000,0.00000000,0.00000000,0.00000000
14.81311721,0.00000000,0.00000000,0.00000000,0.00000000,0.00000000,0.00000000
14.83395141,0.00000000,0.00000000,0.00000000,0.00000000,0.00000000,0.00000000
14.85478562,0.00000000,0.00000000,0.00000000,0.00000000,0.00000000,0.00000000
14.87561982,0.00000000,0.00000000,0.00000000,0.00000000,0.00000000,0.00000000
14.89645402,0.00000000,0.00000000,0.00000000,0.00000000,0.00000000,0.00000000
14.91728822,0.00000000,0.00000000,0.00000000,0.00000000,0.00000000,0.00000000
14.93812242,0.00000000,0.00000000,0.00000000,0.00000000,0.00000000,0.00000000
14.95895662,0.00000000,0.00000000,0.00000000,0.00000000,0.00000000,0.00000000
14.97979082,0.00000000,0.00000000,0.00000000,0.00000000,0.00000000,0.00000000
15.00062503,0.00000000,0.00000000,0.00000000,0.00000000,0.00000000,0.00000000
15.02145923,0.00000000,0.00000000,0.00000000,0.00000000,0.00000000,0.00000000
15.04229343,0.00000000,0.00000000,0.00000000,0.00000000,0.00000000,0.00000000
15.06312763,0.00000000,0.00000000,0.00000000,0.00000000,0.00000000,0.00000000
15.08396183,0.00000000,0.00000000,0.00000000,0.00000000,0.00000000,0.00000000
15.10479603,0.00000000,0.00000000,0.00000000,0.00000000,0.00000000,0.00000000
15.12563023,0.00000000,0.00000000,0.00000000,0.00000000,0.00000000,0.00000000
15.14646444,0.00000000,0.00000000,0.00000000,0.00000000,0.00000000,0.00000000
15.16729864,0.00000000,0.00000000,0.00000000,0.00000000,0.00000000,0.00000000
15.18813284,0.00000000,0.00000000,0.00000000,0.00000000,0.00000000,0.00000000
15.20896704,0.00000000,0.00000000,0.00000000,0.00000000,0.00000000,0.00000000
